rule_id,param_name,param_value,position,alert_volume,true_positives,false_positives,precision,recall,false_positive_ratio,alert_rate,delta_alerts,delta_true_positives,marginal_reviews_per_extra_hit
R01_STRUCTURING,min_txn_count,2.000000,LOOSER,2978,132,2846,0.044325,0.160584,21.560606,0.014526,674,2,337.000000
R01_STRUCTURING,min_txn_count,3.000000,BASELINE,2304,130,2174,0.056424,0.158151,16.723077,0.011238,0,0,0.000000
R01_STRUCTURING,min_txn_count,4.000000,TIGHTER,1133,85,1048,0.075022,0.103406,12.329412,0.005526,-1171,-45,26.022222
R01_STRUCTURING,min_txn_count,5.000000,TIGHTER,964,84,880,0.087137,0.102190,10.476190,0.004702,-1340,-46,29.130435
R01_STRUCTURING,min_txn_count,6.000000,TIGHTER,893,84,809,0.094065,0.102190,9.630952,0.004356,-1411,-46,30.673913
R01_STRUCTURING,min_txn_count,8.000000,TIGHTER,518,53,465,0.102317,0.064477,8.773585,0.002527,-1786,-77,23.194805
R02_VELOCITY,min_passthrough_ratio,0.600000,LOOSER,1772,73,1699,0.041196,0.088808,23.273973,0.008643,425,10,42.500000
R02_VELOCITY,min_passthrough_ratio,0.700000,LOOSER,1501,65,1436,0.043304,0.079075,22.092308,0.007321,154,2,77.000000
R02_VELOCITY,min_passthrough_ratio,0.800000,BASELINE,1347,63,1284,0.046771,0.076642,20.380952,0.006570,0,0,0.000000
R02_VELOCITY,min_passthrough_ratio,0.850000,TIGHTER,1256,61,1195,0.048567,0.074209,19.590164,0.006126,-91,-2,45.500000
R02_VELOCITY,min_passthrough_ratio,0.900000,TIGHTER,1082,45,1037,0.041590,0.054745,23.044444,0.005278,-265,-18,14.722222
R02_VELOCITY,min_passthrough_ratio,0.950000,TIGHTER,895,21,874,0.023464,0.025547,41.619048,0.004366,-452,-42,10.761905
R03_ROUND_DOLLAR,min_round_share,0.350000,LOOSER,3072,22,3050,0.007161,0.026764,138.636364,0.014984,909,0,inf
R03_ROUND_DOLLAR,min_round_share,0.450000,LOOSER,2737,22,2715,0.008038,0.026764,123.409091,0.013350,574,0,inf
R03_ROUND_DOLLAR,min_round_share,0.550000,BASELINE,2163,22,2141,0.010171,0.026764,97.318182,0.010550,0,0,0.000000
R03_ROUND_DOLLAR,min_round_share,0.650000,TIGHTER,1901,22,1879,0.011573,0.026764,85.409091,0.009273,-262,0,inf
R03_ROUND_DOLLAR,min_round_share,0.750000,TIGHTER,1696,22,1674,0.012972,0.026764,76.090909,0.008273,-467,0,inf
R03_ROUND_DOLLAR,min_round_share,0.850000,TIGHTER,910,22,888,0.024176,0.026764,40.363636,0.004439,-1253,0,inf
R04_DORMANT_REACTIVATION,min_reactivation_amount,5000.000000,LOOSER,2742,31,2711,0.011306,0.037713,87.451613,0.013375,1554,3,518.000000
R04_DORMANT_REACTIVATION,min_reactivation_amount,10000.000000,LOOSER,1897,29,1868,0.015287,0.035280,64.413793,0.009253,709,1,709.000000
R04_DORMANT_REACTIVATION,min_reactivation_amount,15000.000000,BASELINE,1188,28,1160,0.023569,0.034063,41.428571,0.005795,0,0,0.000000
R04_DORMANT_REACTIVATION,min_reactivation_amount,25000.000000,TIGHTER,696,25,671,0.035920,0.030414,26.840000,0.003395,-492,-3,164.000000
R04_DORMANT_REACTIVATION,min_reactivation_amount,40000.000000,TIGHTER,413,17,396,0.041162,0.020681,23.294118,0.002014,-775,-11,70.454545
R04_DORMANT_REACTIVATION,min_reactivation_amount,60000.000000,TIGHTER,244,11,233,0.045082,0.013382,21.181818,0.001190,-944,-17,55.529412
R05_NEW_ACCOUNT_BURST,min_total_amount,10000.000000,LOOSER,774,5,769,0.006460,0.006083,153.800000,0.003775,294,0,inf
R05_NEW_ACCOUNT_BURST,min_total_amount,20000.000000,LOOSER,567,5,562,0.008818,0.006083,112.400000,0.002766,87,0,inf
R05_NEW_ACCOUNT_BURST,min_total_amount,25000.000000,BASELINE,480,5,475,0.010417,0.006083,95.000000,0.002341,0,0,0.000000
R05_NEW_ACCOUNT_BURST,min_total_amount,40000.000000,TIGHTER,284,5,279,0.017606,0.006083,55.800000,0.001385,-196,0,inf
R05_NEW_ACCOUNT_BURST,min_total_amount,60000.000000,TIGHTER,167,5,162,0.029940,0.006083,32.400000,0.000815,-313,0,inf
R05_NEW_ACCOUNT_BURST,min_total_amount,90000.000000,TIGHTER,91,4,87,0.043956,0.004866,21.750000,0.000444,-389,-1,389.000000
R06_COUNTERPARTY_CONCENTRATION,min_concentration,0.500000,LOOSER,3380,7,3373,0.002071,0.008516,481.857143,0.016487,2022,6,337.000000
R06_COUNTERPARTY_CONCENTRATION,min_concentration,0.600000,LOOSER,2235,2,2233,0.000895,0.002433,1116.500000,0.010902,877,1,877.000000
R06_COUNTERPARTY_CONCENTRATION,min_concentration,0.700000,BASELINE,1358,1,1357,0.000736,0.001217,1357.000000,0.006624,0,0,0.000000
R06_COUNTERPARTY_CONCENTRATION,min_concentration,0.800000,TIGHTER,739,0,739,0.000000,0.000000,inf,0.003605,-619,-1,619.000000
R06_COUNTERPARTY_CONCENTRATION,min_concentration,0.900000,TIGHTER,258,0,258,0.000000,0.000000,inf,0.001258,-1100,-1,1100.000000
R06_COUNTERPARTY_CONCENTRATION,min_concentration,0.950000,TIGHTER,90,0,90,0.000000,0.000000,inf,0.000439,-1268,-1,1268.000000
R07_HIGH_RISK_CORRIDOR,min_corridor_share,0.150000,LOOSER,4696,147,4549,0.031303,0.178832,30.945578,0.022906,250,5,50.000000
R07_HIGH_RISK_CORRIDOR,min_corridor_share,0.200000,LOOSER,4617,143,4474,0.030972,0.173966,31.286713,0.022520,171,1,171.000000
R07_HIGH_RISK_CORRIDOR,min_corridor_share,0.300000,BASELINE,4446,142,4304,0.031939,0.172749,30.309859,0.021686,0,0,0.000000
R07_HIGH_RISK_CORRIDOR,min_corridor_share,0.400000,TIGHTER,4207,131,4076,0.031139,0.159367,31.114504,0.020521,-239,-11,21.727273
R07_HIGH_RISK_CORRIDOR,min_corridor_share,0.550000,TIGHTER,3821,116,3705,0.030359,0.141119,31.939655,0.018638,-625,-26,24.038462
R07_HIGH_RISK_CORRIDOR,min_corridor_share,0.700000,TIGHTER,3449,111,3338,0.032183,0.135036,30.072072,0.016823,-997,-31,32.161290
R08_CASH_INTENSITY,min_cash_share,0.400000,LOOSER,866,53,813,0.061201,0.064477,15.339623,0.004224,92,0,inf
R08_CASH_INTENSITY,min_cash_share,0.500000,LOOSER,825,53,772,0.064242,0.064477,14.566038,0.004024,51,0,inf
R08_CASH_INTENSITY,min_cash_share,0.650000,BASELINE,774,53,721,0.068475,0.064477,13.603774,0.003775,0,0,0.000000
R08_CASH_INTENSITY,min_cash_share,0.750000,TIGHTER,731,53,678,0.072503,0.064477,12.792453,0.003566,-43,0,inf
R08_CASH_INTENSITY,min_cash_share,0.850000,TIGHTER,675,52,623,0.077037,0.063260,11.980769,0.003292,-99,-1,99.000000
R08_CASH_INTENSITY,min_cash_share,0.950000,TIGHTER,620,52,568,0.083871,0.063260,10.923077,0.003024,-154,-1,154.000000
